" Datum ; Beschreibung ; Kategorie ; Betrag "
" 11.02.2025 ;Ueberweisung - SWM Versorgungs GmbH - Friedrichshafener Str. 37, Rechnung faellig am 11.02.2025 ; WEG Friedrichshafener Strasse 41, 81243 Muenchen ;-38,3"
" 25.02.2025 ;Ueberweisung - Werner Altenburg - Werner Altenburg, Einzahlung Haus 5 ; Matera SAS ;300"
" 29.01.2025 ; Bankeinzug - 6506211598ueB-74387370 EUR 25,20. BEITRAG 0125 - 0125 ; Kategorisieren ;-25,2"
" 28.01.2025 ; Bankeinzug - Friedrichshafener Str. 37, Abschlag Strom 01/2025 Betrag 33,00 Eur ; Kategorisieren ;-33"
" 27.01.2025 ;Ueberweisung - alte Feuerloescher ; Kategorisieren ;-20"
" 27.01.2025 ;Ueberweisung - Schilder fuer Feuerloescher ; Kategorisieren ;-5,99"
" 27.01.2025 ;Ueberweisung - Rechnung Nr 20250221 ; Kategorisieren ;-471,84"
" 02.01.2025 ;Ueberweisung - Entgeltabrechnung Minijob - November 2024 ; Kategorisieren ;-84"
" 02.01.2025 ;Ueberweisung - Entgeltabrechnung Minijob - Dezember 2024 ; Kategorisieren ;-84"
" 02.01.2025 ;Ueberweisung - Christopher Schwepfinger - Haushaltsplan fuer Friedrichshafener Strasse 59 ; WEG Friedrichshafener Str. 37 - 63 ;700"
" 30.12.2024 ; Bankeinzug - Friedrichshafener Str. 37, Abschlag Strom 12/2024 Betrag 33,00 Eur ; SWM Versorgungs GmbH ;-33"
" 23.12.2024 ; Bankeinzug - 4174081392ueB-74387370 EUR 25,20. BEITRAG 1224 - 1224 ; Knappschaft-Bahn-See ;-25,2"
" 28.11.2024 ; Bankeinzug - Friedrichshafener Str. 37, Abschlag Strom 11/2024 Betrag 33,00 Eur ; SWM Versorgungs GmbH ;-33"
" 27.11.2024 ; Bankeinzug - 4008130466ueB-74387370 EUR 25,20. BEITRAG 1124 - 1124 ; Knappschaft-Bahn-See ;-25,2"
" 12.11.2024 ;Ueberweisung - Ueberweisung - Entgeltabrechnung Minijob - September 2024 ; Mehmed Ibrahimovic ;-84"
" 12.11.2024 ;Ueberweisung - Ueberweisung - Entgeltabrechnung Minijob -uektober 2024 ; Mehmed Ibrahimovic ;-84"
" 11.11.2024 ;Uebertragung - kommende Rechnungen ; WEG Friedrichshafener Str. 41 ;2000"
" 29.10.2024 ; Bankeinzug - 5672591887ueB-74387370 EUR 25,20. BEITRAG 1024 - 1024 ; Knappschaft-Bahn-See ;-25,2"
" 28.10.2024 ; Bankeinzug - Friedrichshafener Str. 37, Abschlag Strom 10/2024 Betrag 33,00 Eur ; SWM Versorgungs GmbH ;-33"
" 15.10.2024 ; Bankeinzug - REF-9C8269B20782A844AE ; Matera ;-2866"
" 10.10.2024 ;Uebertragung - Matera Abonnement ; WEG Friedrichshafener Str. 41 ;3000"
" 08.10.2024 ;Ueberweisung - Rechnung Nr. 2024_040 mit Kundennummer: 10247 ; Kleines Bauunternehmen Wºrmtal ;-4533,28"
" 07.10.2024 ;Uebertragung - Rechnung TG-Einfahrt ; WEG Friedrichshafener Str. 41 ;5000"
" 04.10.2024 ; Bankeinzug - 09/2024 K-NR. 906623520-1 V-NR. 950327453 ; Vodafone Deutschland GmbH ;-854,66"
" 30.09.2024 ; Bankeinzug - Friedrichshafener Str. 37, Abschlag Strom 09/2024 Betrag 33,00 Eur ; SWM Versorgungs GmbH ;-33"
" 26.09.2024 ; Bankeinzug - 5340334085ueB-74387370 EUR 25,20. BEITRAG 0924 - 0924 ; Knappschaft-Bahn-See ;-25,2"
" 16.09.2024 ;Ueberweisung - Entgeltabrechnung Minijob - August 2024 ; Mehmed Ibrahimovic ;-84"
" 28.08.2024 ; Bankeinzug - 6838750937ueB-74387370 EUR 25,20. BEITRAG 0824 - 0824 ; Knappschaft-Bahn-See ;-25,2"
" 28.08.2024 ; Bankeinzug - Friedrichshafener Str. 37, Abschlag Strom 08/2024 Betrag 33,00 Eur ; SWM Versorgungs GmbH ;-33"
" 07.08.2024 ;Ueberweisung -Ueberweisung - Entgeltabrechnung Minijob - Juli 2024 ; Mehmed Ibrahimovic ;-84"
" 29.07.2024 ; Bankeinzug - 0107903546ueB-74387370 EUR 25,20. BEITRAG 0724 - 0724 ; Knappschaft-Bahn-See ;-25,2"
" 29.07.2024 ; Bankeinzug - Friedrichshafener Str. 37, Abschlag Strom 07/2024 Betrag 33,00 Eur ; SWM Versorgungs GmbH ;-33"
" 22.07.2024 ;Ueberweisung ; Auslagen & Rºckerstattung ;-99,99"
" 05.07.2024 ;Ueberweisung -Ueberweisung - Gratifikation Teil 2 ; Mehmed Ibrahimovic ;-275"
" 05.07.2024 ;Ueberweisung - Entgeltabrechnung Minijob - Mai 2024 ; Mehmed Ibrahimovic ;-84"
" 05.07.2024 ;Ueberweisung - Entgeltabrechnung Minijob - Juni 2024 ; Mehmed Ibrahimovic ;-84"
" 28.06.2024 ; Bankeinzug - Friedrichshafener Str. 37, Abschlag Strom 06/2024 Betrag 33,00 Eur ; SWM Versorgungs GmbH ;-33"
" 26.06.2024 ; Bankeinzug - 3838359697ueB-74387370 EINZUG BEITRAG ; Knappschaft-Bahn-See ;-50,4"
" 26.06.2024 ;Ueberweisung - Irmgard Domdey - Hausgeld 2024 ; WEG Friedrichshafener str. 37-63 ;500"
" 17.06.2024 ; Bankeinzug - HAFT UNF HE-1051-3372 04.06.2024 ; Versicherungskammer Bayern ;-70,66"
" 14.06.2024 ;Uebertragung - Rºcklagen ; WEG Friedrichshafener Str. 41 ;-10000"
" 28.05.2024 ; Bankeinzug - Friedrichshafener Str. 37, Abschlag Strom 05/2024 Betrag 33,00 Eur ; SWM Versorgungs GmbH ;-33"
" 22.05.2024 ;Ueberweisung - Thermoflam ; Auslagen & Rºckerstattung ;-49,99"
" 21.05.2024 ;Ueberweisung - KOEPP FRIEDRICH - K pp Aufstockung ; ErbG: Markus Friedrich K∂pp & Ulrike Carolin Binsmaier ;505,47"
" 17.05.2024 ;Ueberweisung - WEG Friedrichshafener Str. 37-63 vertreten d. Florian Holzapfel - AUFLOeSUNG KONTO 40713929 ; (alt) Rºcklagenkonto 0040713929 Genossenschaftsbank Mºnchen ;4570,51"
" 16.05.2024 ;Ueberweisung - WEG Friedrichshafener Str. 37-63 vertreten d. Florian Holzapfel - Aufloesung des Kontos IBAN DE61701694640000713929WEG Friedrichshafener Str. ; (alt) Girokonto 0000713929 Genossenschaftsbank Mºnchen ;1298,23"
" 13.05.2024 ;Ueberweisung - Gratifikation Teil 1 ; Mehmed Ibrahimovic ;-275"
" 08.05.2024 ;Ueberweisung - Schwepfinger, Christopher - Wirtschaftsplan Firedrichshafener Strasse 59 ; WEG Friedrichshafener Str. 37 - 63 ;700"
" 29.04.2024 ;Ueberweisung - Florian Johann Holzapfel ; Florian Holzapfel und Roswitha B∂hm ;8,89"
" 29.04.2024 ;Ueberweisung - WEG Friedrichshafener Str. 37-63 vertreten d. Florian Holzapfel - 2te Uebertragung an Matera ; (alt) Girokonto 0000713929 Genossenschaftsbank Mºnchen ;2500"
" 25.04.2024 ;Ueberweisung - WEG Friedrichshafener Str. 37-63 vertreten d. Florian Holzapfel - Uebertrag an Matera ; (alt) Girokonto 0000713929 Genossenschaftsbank Mºnchen ;2500"